Repository,Repository Name,Text,identifiers,Connections,Contacts,Total
nkn.nkn,University of Idaho | Research Computing and Data Services (nkn.nkn),0.41,0.64,0.16,0.10,0.34
purdue.purduelib,Purdue University Research Repository (purdue.purduelib),0.26,0.45,0.24,0.36,0.30
osu.osu,Oregon State University (osu.osu),0.40,0.54,0.16,0.12,0.30
dryad.dryad,DRYAD (dryad.dryad),0.30,0.59,0.18,0.01,0.30
epua.zfkd,Centre for Cancer Registry Data (ZfKD) at the Robert Koch Institute (epua.zfkd),0.27,0.64,0.06,0.30,0.30
delft.isric,ISRIC - World Soil Information (delft.isric),0.30,0.57,0.10,0.23,0.27
figshare.ncl,Newcastle University (figshare.ncl),0.40,0.37,0.12,0.10,0.26
ethz.sed,"Swiss Seismological Service, national earthquake monitoring and hazard center (ethz.sed)",0.26,0.44,0.14,0.40,0.25
gdcc.jhu,Johns Hopkins Research Data Repository (gdcc.jhu),0.28,0.27,0.33,0.10,0.25
ardcx.uts,"University of Technology, Sydney (ardcx.uts)",0.27,0.55,0.15,0.10,0.25
bl.brookes,Oxford Brookes University (bl.brookes),0.29,0.41,0.15,0.06,0.25
ada.repo,Australian Data Archive (ada.repo),0.26,0.21,0.35,0.09,0.24
gdcc.consorcio,e-cienciaDatos (gdcc.consorcio),0.25,0.36,0.29,0.08,0.23
delft.maastro,MAASTRO Clinic (delft.maastro),0.30,0.36,0.11,0.10,0.23
usda.usda,Ag Data Commons (usda.usda),0.43,0.24,0.16,0.10,0.23
tib.gfzbib,GFZpublic (tib.gfzbib),0.24,0.51,0.07,0.08,0.22
ardcx.flinders,Flinders University Library Research Data (ardcx.flinders),0.19,0.46,0.12,0.04,0.22
cul.grg,United States Antarctic Program Data Center (USAP-DC) (cul.grg),0.45,0.22,0.11,0.10,0.22
gdcc.syr-qdr,Syracuse University Qualitative Data Repository (gdcc.syr-qdr),0.31,0.34,0.21,0.00,0.22
bl.kcl,King's College London (bl.kcl),0.30,0.36,0.13,0.09,0.21
sfu.summit,"Summit, the SFU Research Repository (sfu.summit)",0.33,0.33,0.11,0.10,0.21
ardcx.curtin,Curtin University Research Data Collection (ardcx.curtin),0.25,0.39,0.09,0.11,0.21
tib.iow,Leibniz-Institut fuer Ostseeforschung Warnemuende (tib.iow),0.22,0.49,0.08,0.13,0.21
dk.dtic,DTIC Datacenter (dk.dtic),0.30,0.32,0.14,0.10,0.21
ethz.wgms,World Glacier Monitoring Service (ethz.wgms),0.22,0.53,0.11,0.05,0.20
snd.ddb,Demographic Data Base (snd.ddb),0.17,0.28,0.11,0.30,0.20
mdw.repository,mdwRepository (mdw.repository),0.17,0.55,0.10,0.09,0.20
tdl.tdl,Texas Digital Library (tdl.tdl),0.29,0.15,0.24,0.10,0.20
mtakik.mtakik,Magyar Tudományos Akadémia Könyvtár és Információs Központ (mtakik.mtakik),0.09,0.39,0.22,0.10,0.20
cdu.repo,Charles Darwin University (cdu.repo),0.17,0.49,0.03,0.02,0.19
dk.ices,International Council for the Exploration of the Sea (ICES) (dk.ices),0.31,0.20,0.12,0.10,0.19
ardcx.csu,Charles Sturt University (ardcx.csu),0.16,0.28,0.14,0.18,0.19
tib.fdmuh,Universität Hamburg (tib.fdmuh),0.26,0.36,0.10,0.10,0.19
uml.richter,"Richter Library, University of Miami (uml.richter)",0.17,0.39,0.09,0.10,0.19
ocul.spdv,Borealis (ocul.spdv),0.26,0.17,0.27,0.10,0.19
cdl.cdl,California Digital Library (cdl.cdl),0.24,0.38,0.22,0.10,0.19
gdcc.odum-dv,UNC Dataverse (gdcc.odum-dv),0.25,0.16,0.22,0.10,0.18
vt.vtechdata,Virginia Tech Data Repository (vt.vtechdata),0.26,0.31,0.10,0.10,0.18
bl.marineie,Marine Institute (bl.marineie),0.34,0.17,0.16,0.15,0.18
crui.ingv,Istituto Nazionale di Geofisica e Vulcanologia (INGV) (crui.ingv),0.34,0.28,0.10,0.12,0.18
bibsys.nibio,The Norwegian Institute of Bioeconomy Research (bibsys.nibio),0.27,0.22,0.19,0.10,0.18
bl.ucld,University College London (bl.ucld),0.23,0.29,0.07,0.10,0.18
delft.bira,Royal Belgian Institute for Space Aeronomy (delft.bira),0.18,0.16,0.24,0.10,0.18
duqf.dztpij,Energy Data Centre (duqf.dztpij),0.23,0.44,0.06,0.00,0.18
tib.hu-mr,HU Berlin - Media Repository (tib.hu-mr),0.27,0.15,0.17,0.10,0.18
bl.dundee,Discovery (bl.dundee),0.25,0.45,0.13,0.07,0.17
snd.bils,SciLifeLab Data Repository (snd.bils),0.33,0.24,0.08,0.10,0.17
ardcx.scu,Southern Cross University (ardcx.scu),0.25,0.19,0.15,0.09,0.17
datacite.datacite,DataCite (datacite.datacite),0.33,0.39,0.13,0.09,0.17
tib.g-node,German Neuroinformatics Node (tib.g-node),0.20,0.20,0.13,0.10,0.16
bl.lse,London School of Economics (bl.lse),0.29,0.28,0.22,0.02,0.16
gesis.aussda,AUSSDA - The Austrian Social Science Data Archive (gesis.aussda),0.28,0.18,0.17,0.02,0.16
gdcc.harvard-dv,Harvard Dataverse (gdcc.harvard-dv),0.28,0.11,0.23,0.10,0.16
subgoe.trier,Universitätsbibliothek Trier (subgoe.trier),0.10,0.42,0.11,0.10,0.16
crui.ogsts,National Institute of Oceanography and Applied Geophysics (crui.ogsts),0.34,0.22,0.14,0.09,0.16
ardcx.cqu,Central Queensland University (ardcx.cqu),0.22,0.19,0.14,0.10,0.16
inist.shom,Service hydrographique et océanographique de la marine (inist.shom),0.09,0.46,0.01,0.02,0.16
inist.ipgp,Centre de données de l'Institut de Physique du Globe de Paris (inist.ipgp),0.20,0.29,0.17,0.10,0.16
tib.kit-ioc,chemotion (tib.kit-ioc),0.09,0.39,0.05,0.09,0.16
mtakik.mtatk,Kutatási Dokumentációs Központ (mtakik.mtatk),0.24,0.31,0.02,0.03,0.16
ardcx.deakin,Deakin University (ardcx.deakin),0.26,0.28,0.11,0.10,0.16
spbpu.mpm,Materials Physics and Mechanics (spbpu.mpm),0.49,0.16,0.00,0.00,0.16
adelaide.repo,Adelaide University (adelaide.repo),0.26,0.21,0.09,0.08,0.16
cngb.gigadb,GigaDB (cngb.gigadb),0.13,0.31,0.13,0.00,0.16
nies.nies,Repository for National Institute for Environment Studies (nies.nies),0.15,0.40,0.00,0.08,0.16
crui.liuc,Università Carlo Cattaneo - LIUC (crui.liuc),0.18,0.39,0.11,0.01,0.16
tib.zalf,Leibniz-Zentrum für Agrarlandschaftsforschung (ZALF) e. V. (tib.zalf),0.32,0.24,0.08,0.06,0.15
gesis.viadrina,Europa-Universität Viadrina (gesis.viadrina),0.20,0.18,0.17,0.10,0.15
tib.eugraph,Eurographics (tib.eugraph),0.21,0.26,0.09,0.10,0.15
ardcx.federation,Federation University Australia (ardcx.federation),0.13,0.28,0.09,0.10,0.15
dk.aau,Aalborg University Library (dk.aau),0.16,0.24,0.17,0.15,0.15
dkrz.wdcc,World Data Center for Climate (dkrz.wdcc),0.14,0.22,0.10,0.35,0.15
ghsl.galter,"Galter Health Sciences Library, Northwestern University (ghsl.galter)",0.21,0.20,0.15,0.09,0.15
bmlm.bgc,Max Planck Institute for Biogeochemistry (bmlm.bgc),0.07,0.41,0.08,0.07,0.14
uky.lib,UKnowledge (uky.lib),0.21,0.35,0.11,0.03,0.14
memo.journal,MEMO - Medieval and Early Modern Material Culture Online (memo.journal),0.13,0.27,0.06,0.10,0.14
cern.cds,CERN Document Server (cern.cds),0.11,0.30,0.05,0.09,0.14
datacite.blog,DataCite Blog (datacite.blog),0.16,0.37,0.11,0.10,0.14
crui.unibo,Università degli Studi di Bologna (crui.unibo),0.22,0.11,0.14,0.19,0.14
bl.repo,British Library Research Repository (bl.repo),0.17,0.25,0.07,0.10,0.14
subgoe.zzf,Leibniz-Zentrum für Zeithistorische Forschung Potsdam e.V. (subgoe.zzf),0.26,0.11,0.15,0.10,0.14
gesis.wzb,Wissenschaftszentrum Berlin für Sozialforschung (gesis.wzb),0.31,0.17,0.05,0.00,0.14
wyoming.rep1,WyoScholar (wyoming.rep1),0.25,0.06,0.20,0.08,0.14
tind.uchicago,University of Chicago (tind.uchicago),0.26,0.10,0.16,0.00,0.14
tib.radar,RADAR (tib.radar),0.17,0.21,0.08,0.22,0.14
oclc.mrd,"Membership and Research Division, OCLC, Inc. (oclc.mrd)",0.07,0.41,0.00,0.00,0.14
delft.vliz,Vlaams Instituut voor de Zee (delft.vliz),0.28,0.14,0.08,0.10,0.14
bl.rothres,Rothamsted Research (bl.rothres),0.23,0.25,0.16,0.06,0.14
iu.pui,IU Indianapolis University Library (iu.pui),0.11,0.41,0.07,0.05,0.14
und.library,University of Notre Dame (und.library),0.24,0.13,0.11,0.10,0.14
dot.dot,ROSA P (dot.dot),0.06,0.28,0.07,0.32,0.14
zbw.ios,Leibniz-Institut für Ost- und Südosteuropaforschung (IOS) (zbw.ios),0.12,0.31,0.13,0.10,0.14
tib.hsd,Hochschule Düsseldorf (tib.hsd),0.23,0.12,0.15,0.09,0.14
crui.unical,Università della Calabria (crui.unical),0.13,0.38,0.01,0.00,0.14
bl.mba,Marine Biological Association (bl.mba),0.19,0.20,0.16,0.12,0.14
tib.ubunibwm,Universität der Bundeswehr München (tib.ubunibwm),0.24,0.38,0.22,0.10,0.14
figshare.sussex,University of Sussex (figshare.sussex),0.18,0.28,0.05,0.00,0.14
cdl.ucd,UC Davis (cdl.ucd),0.40,0.06,0.07,0.00,0.13
spbpu.d-media,University online library (spbpu.d-media),0.40,0.07,0.06,0.00,0.13
ist.rex,ISTA Research Explorer (ist.rex),0.11,0.27,0.13,0.08,0.13
gdcc.odum-library,UNC Libraries (gdcc.odum-library),0.15,0.23,0.06,0.10,0.13
jcu.repo,James Cook University (jcu.repo),0.09,0.36,0.01,0.04,0.13
bl.open,The Open University (bl.open),0.22,0.19,0.08,0.04,0.13
bl.rhul,"Royal Holloway, University of London (bl.rhul)",0.20,0.28,0.04,0.00,0.13
au.ir,American University Research Archive (au.ir),0.23,0.16,0.11,0.10,0.13
dzhw.fdz-dzhw,Research Data Center for Higher Education Research and Science Studies (FDZ-DZHW) (dzhw.fdz-dzhw),0.15,0.35,0.08,0.22,0.13
gfz.iass,RIFSpublic (gfz.iass),0.13,0.34,0.07,0.02,0.13
csiro.repo,CSIRO (csiro.repo),0.15,0.18,0.10,0.09,0.13
wzbde.ratswd,Rat für Sozial- und WirtschaftsDaten (wzbde.ratswd),0.07,0.30,0.06,0.10,0.13
tib.bafg,Bundesanstalt für Gewässerkunde (tib.bafg),0.14,0.29,0.11,0.01,0.13
inist.cirad,Centre de coopération internationale en recherche agronomique pour le développement (inist.cirad),0.14,0.17,0.16,0.09,0.13
dk.sa,The Danish National Archives (dk.sa),0.20,0.16,0.12,0.00,0.13
wustl.lib,Washington University in St. Louis Libraries (wustl.lib),0.18,0.31,0.02,0.01,0.13
bl.marinesc,Marine Scotland (bl.marinesc),0.04,0.34,0.03,0.10,0.13
zbmed.publisso,PUBLISSO (zbmed.publisso),0.21,0.15,0.08,0.08,0.13
zbw.iree,Journal of Comments and Replications in Economics (JCRE) (zbw.iree),0.26,0.17,0.07,0.10,0.13
umass.umw,University of Massachusetts (UMass) Chan Medical School (umass.umw),0.14,0.32,0.00,0.00,0.13
zbmed.zfmk,Zoologisches Forschungsmuseum Alexander Koenig - Leibniz-Institut für Biodiversität der Tiere (zbmed.zfmk),0.18,0.46,0.13,0.24,0.13
ardcx.usyd,University of Sydney Library (ardcx.usyd),0.09,0.36,0.05,0.06,0.13
inist.ird,IRD (inist.ird),0.19,0.16,0.11,0.01,0.13
uniwa.repo,The University of Western Australia (uniwa.repo),0.01,0.43,0.00,0.00,0.13
swin.repo2,Swinburne University of Technology (swin.repo2),0.16,0.20,0.09,0.07,0.13
noaa.ncei,National Oceanic and Atmospheric Administration (NOAA) National Centers for Environmental Information (NCEI) (noaa.ncei),0.12,0.32,0.03,0.05,0.13
ethz.iumspdat,Unisanté: Data (ethz.iumspdat),0.10,0.38,0.11,0.01,0.12
uutah.marriott,J. Willard Marriott Library (uutah.marriott),0.17,0.25,0.10,0.01,0.12
bl.abdn,University of Aberdeen (bl.abdn),0.22,0.28,0.18,0.11,0.12
doe.lbnl,DOE Lawrence Berkeley National Laboratory (LBNL) Repository (doe.lbnl),0.24,0.26,0.01,0.00,0.12
bl.herts,University of Hertfordshire Research Archive (bl.herts),0.19,0.10,0.12,0.10,0.12
bl.qmul,Queen Mary University of London (bl.qmul),0.07,0.38,0.01,0.03,0.12
asu.tdar,The Digital Archeological Record (tDAR) (asu.tdar),0.19,0.25,0.05,0.00,0.12
gesis.ubve,University Library Vechta (gesis.ubve),0.05,0.30,0.11,0.10,0.12
ardcx.wsu,Western Sydney University ResearchDirect (ardcx.wsu),0.10,0.35,0.01,0.01,0.12
wisc.libraries,University of Wisconsin-Madison Libraries (wisc.libraries),0.13,0.30,0.00,0.00,0.12
bl.qub,Queen's University Belfast Research Portal (bl.qub),0.11,0.26,0.18,0.24,0.12
bl.cefas,Cefas (bl.cefas),0.15,0.23,0.06,0.09,0.12
spbpu.engstroy,Magazine of Civil Engineering (spbpu.engstroy),0.26,0.14,0.05,0.00,0.12
jamstec.jamstec,Repository for Japan Agency for Marine-Earth Science and Technology (jamstec.jamstec),0.07,0.30,0.11,0.10,0.12
hab.zfdg,ZFDG (hab.zfdg),0.16,0.29,0.10,0.09,0.12
ardcx.ecu,Edith Cowan University (ardcx.ecu),0.13,0.38,0.09,0.03,0.12
usgs.prod,USGS DOI Tool Production Environment (usgs.prod),0.09,0.20,0.10,0.10,0.12
delft.hva,Hogeschool van Amsterdam (delft.hva),0.13,0.29,0.03,0.00,0.12
bl.cardiff,Cardiff University (bl.cardiff),0.07,0.30,0.06,0.10,0.12
tib.ubp,Universitätsbibliothek Passau (tib.ubp),0.10,0.26,0.09,0.10,0.12
caltech.data,CaltechDATA (caltech.data),0.20,0.11,0.13,0.17,0.12
cornell.library,Cornell University Library (cornell.library),0.07,0.32,0.01,0.02,0.12
snd.qog,Quality of Government Institute (snd.qog),0.20,0.26,0.00,0.00,0.12
subgoe.zfl,Leibniz-Zentrum für Literatur- und Kulturforschung Berlin (subgoe.zfl),0.09,0.28,0.06,0.10,0.12
vzek.sdm,GESIS- Survey Guidelines (vzek.sdm),0.13,0.19,0.07,0.10,0.12
ardcx.uc,University of Canberra Research Portal (ardcx.uc),0.20,0.16,0.06,0.10,0.12
tib.repod,RepOD (tib.repod),0.05,0.32,0.03,0.00,0.11
zbw.ifo,LMU-ifo Economics & Business Data Center (zbw.ifo),0.04,0.32,0.03,0.08,0.11
tib.ubde,"DuEPublico, Universitätsbibliothek Duisburg-Essen (tib.ubde)",0.14,0.16,0.11,0.06,0.11
ardcx.usc,University of the Sunshine Coast (ardcx.usc),0.12,0.17,0.17,0.10,0.11
cdl.ucsd,UC San Diego (cdl.ucsd),0.20,0.16,0.17,0.09,0.11
ardcx.ga,Geoscience Australia (ardcx.ga),0.27,0.10,0.10,0.10,0.11
tib.unibi,PUB - Publications at Bielefeld University (tib.unibi),0.17,0.05,0.18,0.04,0.11
estdoi.repo,DataDOI (estdoi.repo),0.17,0.17,0.10,0.10,0.11
vzek.archive,GESIS Data Archive (vzek.archive),0.24,0.01,0.18,0.00,0.11
crui.polito,Politecnico di Torino (crui.polito),0.25,0.11,0.06,0.00,0.11
tib.mpdl,Max Planck Digital Library (tib.mpdl),0.08,0.18,0.11,0.08,0.11
ieee.dataport,IEEE DataPort (ieee.dataport),0.18,0.12,0.06,0.10,0.11
natcan.geoscan,GEOSCAN (natcan.geoscan),0.11,0.32,0.11,0.10,0.11
spbpu.ntv,St. Petersburg State Polytechnical University Journal (spbpu.ntv),0.22,0.13,0.05,0.00,0.11
umn.drum,Data Repository for the University of Minnesota (umn.drum),0.14,0.13,0.13,0.06,0.11
hlyd.drsthh,Janelia Research Repository (hlyd.drsthh),0.13,0.23,0.05,0.00,0.11
bl.nerc,NERC Environmental Data Service (bl.nerc),0.08,0.21,0.05,0.08,0.11
uutah.usu,Utah State University (uutah.usu),0.10,0.28,0.01,0.01,0.11
tib.gfz,GFZ Data Services (tib.gfz),0.19,0.19,0.06,0.12,0.11
ardcx.usq,University of Southern Queensland research data collection (ardcx.usq),0.18,0.22,0.02,0.03,0.11
tib.ulbms,Universitäts- und Landesbibliothek Münster (tib.ulbms),0.16,0.17,0.11,0.10,0.11
bl.keele,Keele University (bl.keele),0.09,0.27,0.08,0.10,0.11
bl.nhm,"Natural History Museum, London (bl.nhm)",0.11,0.14,0.11,0.03,0.11
bl.hallam,Sheffield Hallam University (bl.hallam),0.27,0.21,0.07,0.08,0.11
bl.exeter,University of Exeter (bl.exeter),0.14,0.14,0.15,0.10,0.11
tib.ubsbg,ePLUS (tib.ubsbg),0.20,0.16,0.11,0.10,0.10
zbmed.unikoeln,Universitäts- und Stadtbibliothek Köln (zbmed.unikoeln),0.16,0.14,0.17,0.10,0.10
uva.libra,Libra (uva.libra),0.10,0.26,0.03,0.01,0.10
inist.opgc,Observatoire de Physique du Globe de Clermont-Ferrand (inist.opgc),0.17,0.15,0.08,0.05,0.10
pitt.qubes,QUBES (pitt.qubes),0.16,0.06,0.11,0.10,0.10
bl.leeds,University of Leeds (bl.leeds),0.05,0.25,0.05,0.03,0.10
unibe.boris-portal,Open Access CRIS of the University of Bern (unibe.boris-portal),0.15,0.08,0.10,0.09,0.10
pdc.arcnet,ArcticNet (pdc.arcnet),0.27,0.11,0.06,0.00,0.10
bl.bathspa,Bath Spa University (bl.bathspa),0.16,0.16,0.04,0.02,0.10
zbw.rwi,RWI – Leibniz-Institut für Wirtschaftsforschung e.V. (zbw.rwi),0.05,0.14,0.05,0.28,0.10
tdl.utl,University of Texas Libraries (tdl.utl),0.17,0.10,0.12,0.01,0.10
tib.dlr-eoc,Deutsches Zentrum für Luft- und Raumfahrt (tib.dlr-eoc),0.07,0.17,0.07,0.10,0.10
bl.oxdb,Oxford University Research Archive (bl.oxdb),0.25,0.08,0.02,0.09,0.10
bl.birkbeck,Birkbeck Research Data (bl.birkbeck),0.08,0.14,0.11,0.10,0.10
pdc.ccin,Canadian Cryospheric Information Network (pdc.ccin),0.27,0.11,0.06,0.00,0.10
cdl.ucb,UC Berkeley (cdl.ucb),0.24,0.11,0.04,0.00,0.10
doe.nrel,DOE National Library of the Rockies (NLR) Repository (doe.nrel),0.16,0.21,0.01,0.02,0.10
noaa.library,National Oceanic and Atmospheric Administration (NOAA) - NOAA Central Library (noaa.library),0.08,0.15,0.06,0.11,0.10
wm.artsci,William & Mary School of Arts & Sciences (wm.artsci),0.07,0.26,0.11,0.05,0.10
umich.library,University of Michigan Library (umich.library),0.18,0.08,0.14,0.10,0.10
inist.ipsl,Institut Pierre-Simon Laplace (inist.ipsl),0.26,0.09,0.20,0.10,0.10
tib.uber,Universitätsbibliothek Erlangen-Nürnberg (tib.uber),0.23,0.11,0.12,0.02,0.10
tib.ubgi,Universitätsbibliothek Gießen (tib.ubgi),0.14,0.10,0.11,0.09,0.10
tib.ubovgu,Otto-von-Guericke-Universität Magdeburg (tib.ubovgu),0.06,0.26,0.09,0.10,0.10
inist.bcu,Université Clermont Auvergne (inist.bcu),0.30,0.44,0.17,0.10,0.10
ardcx.nci,National Computational Infrastructure (ardcx.nci),0.21,0.09,0.14,0.13,0.10
bl.standrew,University of St Andrews (bl.standrew),0.12,0.11,0.17,0.07,0.10
cul.ciesin,Center for International Earth Science Information Network (cul.ciesin),0.20,0.05,0.14,0.00,0.10
bl.brunel,Brunel University London (bl.brunel),0.13,0.21,0.03,0.00,0.10
ardcx.utas,University of Tasmania (ardcx.utas),0.18,0.15,0.11,0.09,0.10
bl.shef,ORDA - The University of Sheffield Research Data Catalogue and Repository (bl.shef),0.11,0.23,0.02,0.00,0.10
gmu.ulibry,George Mason University (gmu.ulibry),0.12,0.08,0.19,0.09,0.10
tib.rubhb,UB Bochum (tib.rubhb),0.21,0.12,0.10,0.06,0.10
inist.osug,Observatoire des Sciences de l'Univers de Grenoble (inist.osug),0.06,0.17,0.02,0.26,0.10
umass.uma,University of Massachusetts (UMass) Amherst (umass.uma),0.09,0.16,0.07,0.05,0.10
gesis.soep,Research Data Center of the Socio-Economic Panel Study at DIW Berlin (FDZ SOEP) (gesis.soep),0.15,0.17,0.11,0.01,0.10
bl.napier,Edinburgh Napier University (bl.napier),0.07,0.34,0.06,0.01,0.10
gesis.die-gdi,German Institute of Development and Sustainability (IDOS) (gesis.die-gdi),0.11,0.21,0.06,0.10,0.10
bl.lsbu,London Southbank University (bl.lsbu),0.14,0.16,0.07,0.10,0.10
latrobe.repo,La Trobe University (latrobe.repo),0.16,0.19,0.03,0.01,0.10
gesis.ubhg,University Library Hagen (UB Hagen) (gesis.ubhg),0.16,0.06,0.11,0.04,0.09
iu.bl,Indiana University Bloomington Libraries (iu.bl),0.09,0.21,0.04,0.04,0.09
sml.icrisat,International Crops Research Institute for the Semi-Arid Tropics (sml.icrisat),0.13,0.15,0.06,0.00,0.09
gesis.ub-pad,Paderborn University Library (Digitale Sammlungen) (gesis.ub-pad),0.05,0.13,0.11,0.10,0.09
gesis.share,SHARE - ERIC (gesis.share),0.07,0.19,0.11,0.00,0.09
snd.su,Stockholm University  Figshare Repository (snd.su),0.12,0.22,0.02,0.00,0.09
bl.ads,Archaeology Data Service (bl.ads),0.23,0.07,0.08,0.00,0.09
gesis.db-bank,Deutsche Bundesbank Research Data and Service Centre (RDSC) (gesis.db-bank),0.11,0.30,0.03,0.00,0.09
ohsu.ohsu,OHSU Digital Commons (ohsu.ohsu),0.20,0.13,0.07,0.00,0.09
uwa.lib,University of Washington Libraries (uwa.lib),0.11,0.14,0.06,0.06,0.09
tib.ubt,EPub Bayreuth (tib.ubt),0.07,0.13,0.16,0.10,0.09
iris.iris,NSF Seismological Facility for the Advancement of Geoscience (SAGE) (iris.iris),0.15,0.22,0.01,0.37,0.09
figshare.cput,Cape Peninsula University of Technology (figshare.cput),0.11,0.18,0.04,0.00,0.09
dipf.rdcedu,Research Data Centre for Education at the DIPF (dipf.rdcedu),0.20,0.16,0.08,0.00,0.09
pangaea.repository,PANGAEA (pangaea.repository),0.15,0.19,0.02,0.02,0.09
ugraz.unipub,unipub (ugraz.unipub),0.11,0.12,0.07,0.10,0.09
tib.dwd,Deutscher Wetterdienst - Klimaüberwachung (tib.dwd),0.10,0.32,0.11,0.05,0.09
vjhc.dataverseno,DataverseNO (vjhc.dataverseno),0.12,0.19,0.17,0.02,0.09
doe.pnnl,DOE Pacific Northwest National Laboratory (PNNL) Repository (doe.pnnl),0.13,0.24,0.06,0.00,0.09
globus.services,Globus Services (globus.services),0.16,0.04,0.13,0.00,0.09
snd.snd,Swedish National Data Service (snd.snd),0.06,0.21,0.06,0.00,0.09
ykdk.kihfhm,Swissubase FORS (ykdk.kihfhm),0.26,0.20,0.06,0.00,0.09
gdcc.ntu,Nanyang Technological University Research Data Repository (gdcc.ntu),0.11,0.16,0.04,0.01,0.09
gesis.bstift,Bertelsmann Stiftung (gesis.bstift),0.10,0.33,0.02,0.01,0.09
bibsys.npolar,Norsk Polarinstitutt (bibsys.npolar),0.07,0.06,0.13,0.10,0.09
figshare.mcri,Murdoch Childrens Research Institute (MCRI) (figshare.mcri),0.09,0.22,0.01,0.00,0.09
vzek.zis,Open Access Repository for Measurement Instruments (ZIS) (vzek.zis),0.07,0.23,0.06,0.10,0.09
figshare.uu,Utrecht University (figshare.uu),0.08,0.18,0.03,0.00,0.09
tib.fuub,Universitätsbibliothek der FU Berlin (tib.fuub),0.09,0.18,0.08,0.02,0.08
bl.stfc,Science and Technology Facilities Council (bl.stfc),0.19,0.09,0.05,0.04,0.08
jwln.bkrkhv,A+BE (jwln.bkrkhv),0.09,0.20,0.08,0.08,0.08
bl.york,York (bl.york),0.17,0.14,0.15,0.21,0.08
crui.unimi,Università degli Studi di Milano (crui.unimi),0.05,0.08,0.20,0.08,0.08
unimelb.repo1,University of Melbourne data repository (unimelb.repo1),0.10,0.19,0.02,0.00,0.08
ardcx.vu,Victoria University (ardcx.vu),0.03,0.14,0.06,0.10,0.08
concor.kcydcu,Spectrum Research Repository (concor.kcydcu),0.20,0.13,0.06,0.10,0.08
tudublin.arrow,ARROW@TU Dublin (tudublin.arrow),0.07,0.28,0.06,0.02,0.08
repod.mxrdr,Macromolecular Xtallography Raw Data Repository (repod.mxrdr),0.06,0.23,0.01,0.00,0.08
ardcx.acu,Australian Catholic University (ardcx.acu),0.08,0.12,0.15,0.09,0.08
snd.icos,ICOS Carbon Portal (snd.icos),0.10,0.18,0.03,0.06,0.08
delft.uva,Universiteit van Amsterdam (delft.uva),0.09,0.20,0.02,0.00,0.08
cdl.ucsc,UC Santa Cruz (cdl.ucsc),0.14,0.16,0.02,0.00,0.08
bl.essex,University of Essex (bl.essex),0.12,0.21,0.14,0.09,0.08
inist.aeris,AERIS -  Pôle français de données et services pour l'atmosphère (inist.aeris),0.13,0.08,0.09,0.03,0.08
gesis.ubma,UBMA (gesis.ubma),0.13,0.15,0.06,0.10,0.08
crui.imtlucca,Lucca IMT (crui.imtlucca),0.05,0.32,0.06,0.01,0.08
tib.gsi,GSI Helmholtzzentrum für Schwerionenforschung GmbH (tib.gsi),0.06,0.11,0.05,0.10,0.08
nzcu.ucrr,UC Research Repository (nzcu.ucrr),0.08,0.10,0.11,0.02,0.08
datacite.rda,Research Data Alliance (datacite.rda),0.16,0.30,0.10,0.10,0.08
inist.omp,Observatoire Midi-Pyrénées (inist.omp),0.08,0.09,0.12,0.13,0.08
tib.pku,Peking University Library (tib.pku),0.18,0.06,0.05,0.00,0.08
nrc.cadc,Canadian Astronomy Data Centre (nrc.cadc),0.08,0.03,0.09,0.30,0.08
ifot.oeznap,OJS (ifot.oeznap),0.11,0.10,0.08,0.01,0.08
gesis.iqb,Forschungsdatenzentrum am IQB (gesis.iqb),0.11,0.11,0.07,0.11,0.08
climsc.csc,Climate Adaptation Science Centers (climsc.csc),0.08,0.20,0.00,0.00,0.08
dias.dias,Repository for Data Integration and Analysis System (dias.dias),0.18,0.00,0.08,0.08,0.07
tdl.digitalrocks,Digital Porous Media Portal (DPMP) (tdl.digitalrocks),0.13,0.13,0.14,0.07,0.07
bl.ed,University of Edinburgh (bl.ed),0.09,0.05,0.17,0.01,0.07
ethz.marvel,NCCR MARVEL (ethz.marvel),0.04,0.18,0.02,0.10,0.07
bl.aber,Aberystwyth Research Portal (bl.aber),0.11,0.19,0.14,0.17,0.07
subgoe.idiom,Textdatenbank und Wörterbuch des Klassischen Maya (subgoe.idiom),0.07,0.24,0.03,0.05,0.07
anu.repo,The Australian National University (anu.repo),0.14,0.06,0.14,0.01,0.07
mtakik.ppke,Pázmány Péter Katolikus Egyetem (mtakik.ppke),0.02,0.18,0.06,0.00,0.07
tib.ubs,Universitätsbibliothek Stuttgart (tib.ubs),0.07,0.10,0.11,0.08,0.07
tib.fraunirb,Fraunhofer-Gesellschaft zur Förderung der angewandten Forschung e.V (tib.fraunirb),0.12,0.13,0.06,0.04,0.07
bl.soton,University of Southampton Repository (bl.soton),0.10,0.18,0.05,0.09,0.07
tib.insci,Infinite Science GmbH (tib.insci),0.13,0.05,0.16,0.09,0.07
umbc.canadensys,Canadensys (umbc.canadensys),0.08,0.13,0.01,0.28,0.07
monash.repo,Monash University (monash.repo),0.13,0.13,0.00,0.00,0.07
bl.uel,UEL Research Repository (bl.uel),0.15,0.09,0.05,0.10,0.07
lzi.drops,Dagstuhl Research Online Publication Server (lzi.drops),0.13,0.14,0.01,0.00,0.07
bl.ljmu,Liverpool John Moores University (bl.ljmu),0.07,0.09,0.07,0.10,0.07
wwpx.bsb,Bayerische Staatsbibliothek (wwpx.bsb),0.09,0.15,0.09,0.03,0.07
illinois.databank,Illinois Data Bank (illinois.databank),0.06,0.14,0.02,0.11,0.07
inist.ifremer,Institut Français de Recherche pour l'Exploitation de la Mer (inist.ifremer),0.14,0.10,0.06,0.04,0.07
ethz.wsl,EnviDat (ethz.wsl),0.08,0.14,0.03,0.20,0.07
tib.desy,DESY - Deutsches Elektronen-Synchrotron (tib.desy),0.06,0.09,0.05,0.08,0.07
rwth.publications,RWTH Publications (rwth.publications),0.08,0.07,0.06,0.08,0.07
ucar.ucar,UCAR/NCAR (ucar.ucar),0.11,0.15,0.08,0.06,0.07
bl.mendeley,Mendeley Data (bl.mendeley),0.11,0.14,0.03,0.01,0.07
csic.gbif,Infraestructura Mundial de Información en Biodiversidad (csic.gbif),0.08,0.07,0.05,0.13,0.07
gesis.icpsr,ICPSR (gesis.icpsr),0.19,0.08,0.07,0.00,0.07
subgoe.caro,Collegium Carolinum (subgoe.caro),0.06,0.09,0.07,0.07,0.07
tib.bsz,Bibliotheksservice-Zentrum Baden-Wuerttemberg (BSZ) (tib.bsz),0.08,0.17,0.02,0.02,0.07
mtakik.omsz,Országos Meteorológiai Szolgálat (mtakik.omsz),0.07,0.17,0.00,0.00,0.07
uman.ceos,UMANCEOS (uman.ceos),0.07,0.18,0.02,0.00,0.07
tib.hu-edoc,"HU Berlin - edoc-Server, Institutional Repository Humboldt-Universität zu Berlin (tib.hu-edoc)",0.05,0.10,0.05,0.08,0.07
ethz.iumsppub,Unisanté : Publications (ethz.iumsppub),0.05,0.21,0.17,0.00,0.07
nzau.data,University of Auckland Data Repository (nzau.data),0.08,0.16,0.01,0.00,0.07
bl.lshtm,London School of Hygiene & Tropical Medicine (bl.lshtm),0.10,0.10,0.06,0.10,0.07
psu.datacom,Data Commons (psu.datacom),0.11,0.13,0.00,0.00,0.07
bl.glasgow,University of Glasgow (bl.glasgow),0.05,0.10,0.05,0.09,0.07
gesis.bibb-fdz,Research Data Centre of the Federal Institute for Vocational Education and Training (BIBB-FDZ) (gesis.bibb-fdz),0.08,0.13,0.08,0.00,0.07
bl.bath,University of Bath (bl.bath),0.07,0.06,0.08,0.07,0.06
viu.bayqne,VIUspace (viu.bayqne),0.10,0.07,0.15,0.01,0.06
estdoi.keel,Keeleressursid. The Center of Estonian Language Resources (estdoi.keel),0.07,0.18,0.02,0.00,0.06
bl.portsmth,University of Portsmouth (bl.portsmth),0.08,0.06,0.06,0.12,0.06
tib.bonares,BonaRes  Leibniz-Zentrum für Agrarlandschaftsforschung (ZALF) e.V. Datenzentrum Agrarlandschaft (tib.bonares),0.12,0.13,0.13,0.04,0.06
tib.ubtum,"Technische Universität München, Universitätsbibliothek (tib.ubtum)",0.08,0.18,0.04,0.00,0.06
crui.unina,Università degli Studi di Napoli Federico II (crui.unina),0.12,0.07,0.04,0.05,0.06
tib.ubmr,Universitätsbibliothek Marburg (tib.ubmr),0.05,0.09,0.11,0.10,0.06
mtakik.se,Semmelweis Egyetem (mtakik.se),0.02,0.19,0.06,0.00,0.06
delft.knmi,KNMI Data Platform (delft.knmi),0.33,0.30,0.15,0.10,0.06
bl.salford,University of Salford (bl.salford),0.06,0.14,0.04,0.00,0.06
crui.infncnaf,Istituto Nazionale di Fisica Nucleare. Centro Nazionale Analisi Fotogrammi (crui.infncnaf),0.13,0.11,0.03,0.04,0.06
zbmed.hits,"HITS gGmbH, Heidelberger Institut für Theoretische Studien (zbmed.hits)",0.09,0.14,0.00,0.00,0.06
cwyh.hildok,HilDoK Publikationsserver der Universitätsbibliothek Hildesheim (cwyh.hildok),0.02,0.18,0.05,0.08,0.06
crui.unipi,Università degli Studi di Pisa (crui.unipi),0.05,0.17,0.06,0.01,0.06
tib.tub,Technische Universität Berlin – Universitätsbibliothek (tib.tub),0.12,0.05,0.09,0.01,0.06
ardcx.tern,TERN Central Portal (ardcx.tern),0.13,0.05,0.06,0.02,0.06
msu.core,Knowledge Commons Works (msu.core),0.07,0.14,0.03,0.06,0.06
caltech.library,Caltech Library (caltech.library),0.07,0.08,0.09,0.02,0.06
tzwl.doris,Swedish Polar Research Secretariat / DORIS repository (tzwl.doris),0.07,0.17,0.06,0.00,0.06
ethz.phsg,PHIQ - das Repository der Pädagogischen Hochschule St.Gallen (ethz.phsg),0.05,0.11,0.06,0.00,0.06
doe.ornl,DOE Oak Ridge National Laboratory (ORNL) Repository (doe.ornl),0.10,0.13,0.03,0.00,0.06
tib.tuhh,TUHH Open Research (tib.tuhh),0.10,0.07,0.03,0.06,0.06
estdoi.emu,Eesti Maaülikool. EMU Dspace (estdoi.emu),0.01,0.17,0.05,0.01,0.06
csc.csceudat,CDI B2Share (csc.csceudat),0.10,0.15,0.08,0.10,0.06
bl.durham,Durham University Research Data Repository (bl.durham),0.12,0.09,0.05,0.04,0.06
tib.hbrs,pub H-BRS - Publikationsserver der Hochschule Bonn-Rhein-Sieg (tib.hbrs),0.10,0.11,0.00,0.00,0.06
inist.health,Health & Co (inist.health),0.09,0.12,0.00,0.00,0.06
cdl.ucsb,UC Santa Barbara (cdl.ucsb),0.13,0.09,0.04,0.03,0.06
cmu.kilthub,KiltHub Repository (cmu.kilthub),0.06,0.15,0.01,0.00,0.06
inist.cdsp,Centre de données socio-politiques (inist.cdsp),0.08,0.12,0.03,0.02,0.06
umd.lib,University of Maryland Libraries Repositories (umd.lib),0.08,0.08,0.10,0.04,0.06
zbmed.mfn,Museum für Naturkunde Berlin - Leibniz-Institut für Evolutions- und Biodiversitätsforschung (zbmed.mfn),0.09,0.14,0.07,0.10,0.06
dk.ucn,UCN OJS (dk.ucn),0.09,0.07,0.07,0.06,0.06
tib.jki,Julius Kühn-Institut (tib.jki),0.13,0.04,0.07,0.05,0.06
unsw.repo,University of New South Wales (unsw.repo),0.11,0.09,0.06,0.00,0.06
wisc.neotoma,Neotoma Paleoecological Database (wisc.neotoma),0.04,0.17,0.02,0.00,0.06
vcu.vculibraries,VCULIBRARIES (vcu.vculibraries),0.18,0.12,0.06,0.08,0.06
crui.unibg,Università degli Studi di Bergamo (crui.unibg),0.08,0.07,0.06,0.00,0.06
crui.unito,Università degli Studi di Torino (crui.unito),0.08,0.09,0.06,0.05,0.06
noaa.gmd,Global Monitoring Laboratory (noaa.gmd),0.15,0.22,0.06,0.00,0.06
icahris.icahris,Peter Humphries (icahris.icahris),0.04,0.15,0.00,0.00,0.06
bl.imperial,Imperial College Research Computing Service Data Repository (bl.imperial),0.05,0.12,0.08,0.06,0.06
unavco.unavco,NSF Geodetic Facility for the Advancement of Geoscience (GAGE) (unavco.unavco),0.12,0.18,0.02,0.04,0.05
estdoi.bio,Plutof.  Data Management and Publishing Platform (estdoi.bio),0.11,0.02,0.06,0.09,0.05
esnz.library,ESNZ Library Repository (esnz.library),0.07,0.16,0.00,0.00,0.05
tib.wias,Weierstraß-Institut für Angewandte Analysis und Stochastik (tib.wias),0.06,0.13,0.03,0.07,0.05
inist.otelo,Observatoire Terre Environnement de Lorraine (inist.otelo),0.06,0.14,0.00,0.00,0.05
cgl.cglab,"Computational Geometry Lab, Carleton University (cgl.cglab)",0.08,0.08,0.05,0.09,0.05
ethz.epfl,EPFL Infoscience (ethz.epfl),0.10,0.05,0.03,0.04,0.05
vzek.hsr,Historical Social Research (HSR) (vzek.hsr),0.08,0.12,0.11,0.00,0.05
inist.atief,Association des Technologies et l'Information pour l'Education et la Formation (inist.atief),0.06,0.11,0.06,0.00,0.05
tib.eumetsat,EUMETSAT (tib.eumetsat),0.06,0.06,0.19,0.00,0.05
tib.mediarep,MEDIAREP (tib.mediarep),0.10,0.09,0.12,0.10,0.05
zbmed.ble,Bundesanstalt für Landwirtschaft und Ernährung (zbmed.ble),0.04,0.06,0.11,0.10,0.05
dxdt.vuxyfx,Technische Hochschule Wildau (dxdt.vuxyfx),0.09,0.20,0.05,0.00,0.05
bl.uclan,University of Lancashire (bl.uclan),0.08,0.08,0.05,0.09,0.05
bl.strath,University of Strathclyde (bl.strath),0.14,0.11,0.01,0.09,0.05
cornell.ciser,CISER Data & Reproduction Archive (cornell.ciser),0.09,0.11,0.04,0.01,0.05
inist.unilu,University of Luxembourg (inist.unilu),0.13,0.07,0.09,0.09,0.05
subgoe.fid-geo,FID-GEO SUB (subgoe.fid-geo),0.15,0.05,0.06,0.00,0.05
gbif.co,SiB Colombia - GBIF Colombia (gbif.co),0.04,0.06,0.01,0.14,0.05
nuig.aran,University of Galway Research Repository (nuig.aran),0.06,0.08,0.05,0.10,0.05
crui.unipv,Università degli Studi di Pavia (crui.unipv),0.10,0.03,0.02,0.10,0.05
tib.lj-red,Logistics Journal (tib.lj-red),0.01,0.11,0.06,0.00,0.05
univie.univie,University of Vienna (univie.univie),0.05,0.04,0.14,0.09,0.05
smf.repo,Australian Policy Online (smf.repo),0.11,0.16,0.01,0.00,0.05
caltech.micropub,microPublication (caltech.micropub),0.07,0.11,0.00,0.00,0.05
tib.ubtdois,Universitätsbibliothek Tübingen (tib.ubtdois),0.07,0.14,0.01,0.01,0.05
nist.admin,National Institute of Standards and Technology (NIST) (nist.admin),0.12,0.10,0.10,0.10,0.05
delft.tudelft,TU Delft Research Repository (delft.tudelft),0.02,0.17,0.00,0.00,0.05
cern.opendata,CERN Open Data (cern.opendata),0.07,0.06,0.06,0.00,0.05
cern.prise,Progress in Science Education (Journal) (cern.prise),0.07,0.05,0.10,0.07,0.05
cmcc.center,Fondazione CMCC - Centro Euro-Mediterraneo sui Cambiamenti Climatici (cmcc.center),0.18,0.07,0.04,0.00,0.05
mtakik.lfze,Liszt Ferenc Zeneművészeti Egyetem (mtakik.lfze),0.00,0.17,0.00,0.00,0.05
ardcx.une,University of New England (ardcx.une),0.17,0.11,0.08,0.05,0.05
bl.mmu,Manchester Metropolitan University (bl.mmu),0.11,0.10,0.05,0.10,0.05
tib.ubbs,LeoPARD - TU Braunschweig Publications And Research Data (tib.ubbs),0.07,0.11,0.00,0.09,0.05
spbpu.iprbooks,IPR MEDIA (spbpu.iprbooks),0.07,0.05,0.06,0.00,0.05
tib.beilst,Beilstein-Institut zur Förderung der Chemischen Wissenschaften (tib.beilst),0.00,0.11,0.00,0.10,0.05
crui.eta,ETA Florence (crui.eta),0.00,0.16,0.00,0.00,0.05
mtakik.me,Miskolci Egyetem (mtakik.me),0.04,0.07,0.06,0.00,0.05
bl.lboro,Loughborough University Research Repository (bl.lboro),0.05,0.14,0.02,0.00,0.05
tib.mfo,Mathematisches Forschungsinstitut Oberwolfach (tib.mfo),0.07,0.06,0.05,0.01,0.05
figshare.uct,University of Cape Town (UCT) (figshare.uct),0.07,0.13,0.01,0.00,0.05
figshare.ars,figshare Academic Research System (figshare.ars),0.05,0.15,0.05,0.00,0.05
nrc.ir,NRC Digital Repository (nrc.ir),0.10,0.17,0.10,0.08,0.05
lmu.ub,Universitätsbibliothek der LMU (lmu.ub),0.16,0.10,0.10,0.07,0.05
bl.aston,Aston Data Explorer (bl.aston),0.11,0.12,0.04,0.10,0.05
uott.library,University of Ottawa - Library (uott.library),0.08,0.06,0.04,0.06,0.05
psu.lib,The Pennsylvania State University Libraries (psu.lib),0.09,0.08,0.03,0.04,0.05
nsidc.datactr,National Snow and Ice Data Center (nsidc.datactr),0.04,0.14,0.00,0.00,0.05
ethz.lives,LIVES Working Paper Series (ethz.lives),0.03,0.16,0.06,0.00,0.05
tdl.tacc,DesignSafe (tdl.tacc),0.13,0.05,0.06,0.05,0.05
qefw.iqs,"Federal Institute for Education Research, Austria (qefw.iqs)",0.10,0.15,0.04,0.00,0.05
figshare.ctsnet,CTSNet | The Cardiothoracic Surgery Network (figshare.ctsnet),0.04,0.12,0.00,0.00,0.05
cos.osf,Open Science Framework (cos.osf),0.11,0.03,0.03,0.05,0.05
europ.odin,ODIN: Online Data & Information Network for Energy (europ.odin),0.00,0.11,0.06,0.00,0.05
zbw.zbw-jda,ZBW Journal Data Archive (zbw.zbw-jda),0.11,0.07,0.03,0.00,0.05
figshare.orcid,Figshare ORCID (figshare.orcid),0.08,0.06,0.03,0.00,0.05
ethz.e-coll,ETH Zürich Research Collection (ethz.e-coll),0.06,0.05,0.06,0.08,0.05
tib.ub-hro,RosDok (tib.ub-hro),0.10,0.08,0.00,0.00,0.05
gesis.ubjcs,Universitätsbibliothek JCS Frankfurt (gesis.ubjcs),0.15,0.06,0.03,0.10,0.04
zbmed.pf,Universitätsbibliothek Regensburg (zbmed.pf),0.13,0.10,0.05,0.04,0.04
zbmed.anet,ANeT (Network for the study of Asian Ants) (zbmed.anet),0.12,0.07,0.04,0.00,0.04
csic.digital,Digital CSIC (csic.digital),0.09,0.07,0.05,0.06,0.04
ucalg.library,University of Calgary (ucalg.library),0.15,0.05,0.09,0.02,0.04
ethz.social,Social Change in Switzerland (ethz.social),0.04,0.12,0.06,0.00,0.04
mit.physio,PhysioNet (mit.physio),0.07,0.12,0.02,0.00,0.04
bl.lpool,University of Liverpool (bl.lpool),0.06,0.10,0.04,0.06,0.04
landcare.general,Landcare Research Data Repository (landcare.general),0.02,0.14,0.00,0.00,0.04
edi.edi,Environmental Data Initiative (edi.edi),0.06,0.13,0.01,0.00,0.04
xaqp.jamqzm,EarthChem Library (xaqp.jamqzm),0.02,0.14,0.02,0.00,0.04
gesis.hsrc,Human Science Research Council SA (gesis.hsrc),0.17,0.00,0.00,0.00,0.04
purdue.re3data,Registry of Research Repositories (purdue.re3data),0.15,0.00,0.02,0.00,0.04
laam.ptb-oar,PTB-OAR (laam.ptb-oar),0.13,0.09,0.06,0.04,0.04
dxwl.rdiw,Research Data Center for Business and Organizational Data (RDC-BO) (dxwl.rdiw),0.17,0.00,0.04,0.05,0.04
bl.surrey,University of Surrey Open Research repository (bl.surrey),0.12,0.06,0.07,0.09,0.04
gesis.bzga,Federal Centre for Health Education (gesis.bzga),0.11,0.08,0.03,0.00,0.04
cul.columbia,Columbia University Libraries (cul.columbia),0.15,0.01,0.00,0.00,0.04
tib.ukon,Movebank (tib.ukon),0.05,0.04,0.09,0.06,0.04
ubc.oc,Open Collections (ubc.oc),0.04,0.08,0.03,0.01,0.04
nrct.db1,NRCT Data Center (nrct.db1),0.05,0.11,0.00,0.00,0.04
zbmed.bfr,Bundesinstitut für Risikobewertung Fachgruppe ZEBET - Datenbank und Informationsbeschaffung Abteilung Experimentelle Toxikologie und ZEBET (zbmed.bfr),0.06,0.10,0.09,0.07,0.04
umass.candi,University of Massachusetts (UMass) CANDI (umass.candi),0.07,0.08,0.00,0.00,0.04
crui.sie-l,Società Italiana di e-Learning (crui.sie-l),0.02,0.06,0.09,0.10,0.04
bl.reading,University of Reading (bl.reading),0.05,0.06,0.05,0.01,0.04
zbmed.ktbl,Kuratorium für Technik und Bauwesen in der Landwirtschaft e. V. (KTBL) (zbmed.ktbl),0.07,0.06,0.09,0.06,0.04
nasapds.nasapds,PDS (nasapds.nasapds),0.10,0.06,0.03,0.05,0.04
tib.hu-genop,HU Berlin - Gender Open Repositorium (tib.hu-genop),0.08,0.08,0.07,0.08,0.04
zbmed.vlsp,"Verband für lesbische, schwule, bisexuelle, trans*, intersexuelle und queere Menschen in der Psychologie (VLSP) (zbmed.vlsp)",0.16,0.06,0.06,0.00,0.04
euvi.seanoe,SEANOE (euvi.seanoe),0.04,0.06,0.04,0.00,0.04
tib.fhbac,"FH Aachen, Hochschulbibliothek (tib.fhbac)",0.12,0.07,0.02,0.00,0.04
cern.zenodo,Zenodo (cern.zenodo),0.04,0.16,0.04,0.00,0.04
tib.sulbdoi,Universität des Saarlandes (tib.sulbdoi),0.09,0.04,0.03,0.05,0.04
zbmed.ellinet,Fachrepositorium Lebenswissenschaften (zbmed.ellinet),0.08,0.07,0.00,0.00,0.04
gesis.iai,Zeitschriften des Ibero-Amerikanischen Instituts (gesis.iai),0.09,0.09,0.06,0.08,0.04
estdoi.ojs,Ajakirjad. Journals by UT (estdoi.ojs),0.04,0.08,0.04,0.02,0.04
ardcx.qut1,Queensland University of Technology (ardcx.qut1),0.06,0.06,0.01,0.01,0.04
bl.ecmwf,European Centre for Medium-Range Weather Forecasts (bl.ecmwf),0.02,0.12,0.00,0.00,0.04
mtakik.nyme,Nyugat-magyarországi Egyetem (mtakik.nyme),0.04,0.04,0.06,0.00,0.04
crui.uniupo,Università del Piemonte orientale “Amedeo Avogadro” (crui.uniupo),0.09,0.07,0.06,0.00,0.04
crui.uniroma1,Università degli studi di Roma La Sapienza (crui.uniroma1),0.08,0.05,0.08,0.08,0.04
tib.hu,HU Berlin - NOMAD Repository (tib.hu),0.09,0.06,0.00,0.00,0.04
bl.kent,University of Kent (bl.kent),0.05,0.12,0.06,0.09,0.04
crui.uniba,Università degli Studi di Bari (crui.uniba),0.09,0.06,0.07,0.10,0.04
inist.inra,Data INRAE (inist.inra),0.10,0.08,0.08,0.10,0.04
delft.uu,Utrecht University - Yoda (delft.uu),0.06,0.11,0.03,0.06,0.04
crui.unige,Università degli Studi di Genova (crui.unige),0.05,0.03,0.05,0.08,0.04
hakai.dfukgl,Hakai Institute (hakai.dfukgl),0.13,0.10,0.05,0.03,0.04
crui.univr,Università degli Studi di Verona (crui.univr),0.06,0.05,0.09,0.05,0.03
crui.unife,Università degli Studi di Ferrara (crui.unife),0.14,0.08,0.07,0.08,0.03
gdcc.harvard-sbgr,Harvard  SBGrid (gdcc.harvard-sbgr),0.00,0.00,0.11,0.00,0.03
bl.notts,University of Nottingham (bl.notts),0.06,0.06,0.06,0.09,0.03
brown.bdr,Brown Digital Repository (brown.bdr),0.00,0.11,0.00,0.00,0.03
inist.iif,Institut International du Froid (inist.iif),0.13,0.00,0.00,0.00,0.03
ardcx.griffith,Griffith University Research Data Repository (ardcx.griffith),0.17,0.11,0.09,0.00,0.03
mtakik.alknyelv,Alkalmazott Nyelvtudomány (mtakik.alknyelv),0.00,0.11,0.00,0.00,0.03
tib.hawk,HAWK Hildesheim - Hornemann Institut (tib.hawk),0.09,0.04,0.03,0.00,0.03
uva.minorlab,MinorLab (uva.minorlab),0.00,0.11,0.00,0.00,0.03
cern.jacow,JACOW (cern.jacow),0.16,0.03,0.00,0.00,0.03
tib.luis,Forschungsdaten-Repositorium der LUH (tib.luis),0.11,0.00,0.07,0.10,0.03
zbmed.gms,German Medical Science (zbmed.gms),0.00,0.11,0.00,0.00,0.03
bl.dri,Digital Repository of Ireland (bl.dri),0.07,0.05,0.00,0.00,0.03
wisc.ecosis,Ecosystem Spectral Information System (wisc.ecosis),0.01,0.11,0.00,0.00,0.03
tib.kit,KITopen (tib.kit),0.07,0.03,0.04,0.04,0.03
bl.ukda,UK Data Archive (bl.ukda),0.05,0.03,0.06,0.00,0.03
bl.cam,Apollo (bl.cam),0.05,0.10,0.06,0.04,0.03
tib.hsurep,OpenHSU (tib.hsurep),0.08,0.05,0.00,0.00,0.03
gesis.jll,International Journal of Language and Law (JLL) (gesis.jll),0.14,0.04,0.09,0.00,0.03
fao.itpgrfa,International Treaty on Plant Genetic Resources for Food and Agriculture (fao.itpgrfa),0.12,0.00,0.00,0.00,0.03
crui.unime,Università degli Studi di Messina (crui.unime),0.07,0.05,0.04,0.09,0.03
nihnimhh.dar,"National Institutes of Health, National Institute of Mental Health (NIMH) Data Archive Repository (nihnimhh.dar)",0.13,0.11,0.02,0.00,0.03
crui.unitn,Università degli Studi di Trento (crui.unitn),0.03,0.05,0.06,0.07,0.03
crui.units,Università degli Studi di Trieste (crui.units),0.05,0.10,0.08,0.05,0.03
gesis.gesis,GESIS Data Archive (gesis.gesis),0.08,0.04,0.02,0.00,0.03
delft.rivm,RIVM - Rijksinstituut voor Volksgezondheid en Milieu (delft.rivm),0.02,0.09,0.00,0.01,0.03
figshare.asha,figshare ASHA Publications (figshare.asha),0.02,0.09,0.00,0.00,0.03
ethz.infoclio,Infoclio (ethz.infoclio),0.05,0.06,0.06,0.00,0.03
ocean.ocean,Code Ocean (ocean.ocean),0.01,0.04,0.07,0.00,0.03
purdue.hubzero,HubZero (purdue.hubzero),0.06,0.00,0.05,0.00,0.03
gesis.neps,LIfBi Leibniz Institute for Educational Trajectories (gesis.neps),0.06,0.06,0.07,0.06,0.03
xfel.eu,European XFEL (xfel.eu),0.03,0.07,0.00,0.00,0.03
ethz.smif,Survey Methods: Insights from the Field (ethz.smif),0.01,0.10,0.06,0.00,0.03
cybele.scmzov,Cybelepress (cybele.scmzov),0.01,0.09,0.00,0.00,0.03
subgoe.dariah,Digital Research Infrastructure for the Arts and Humanities (subgoe.dariah),0.13,0.03,0.02,0.01,0.03
psu.scholar,ScholarSphere (psu.scholar),0.09,0.05,0.02,0.00,0.03
pdsc.repo,PARADISEC (pdsc.repo),0.00,0.06,0.05,0.00,0.03
tib.ipk,e!DAL-PGP (tib.ipk),0.07,0.06,0.01,0.00,0.03
tib.kmo,TIB KMO / FLOWWORKS GmbH (tib.kmo),0.07,0.03,0.00,0.00,0.03
ethz.zhaw,ZHAW Digital Collection (ethz.zhaw),0.00,0.00,0.06,0.06,0.03
bl.hwu,Heriot-Watt University (bl.hwu),0.07,0.28,0.16,0.10,0.03
bibsys.uninett,"UNINETT Sigma AS, Norway (bibsys.uninett)",0.06,0.03,0.02,0.00,0.03
zbmed.bfs,Bundesamt für Strahlenschutz (zbmed.bfs),0.13,0.07,0.02,0.00,0.03
figshare.epa,U.S. Environmental Protection Agency (figshare.epa),0.06,0.05,0.01,0.00,0.03
umn.ipums,Institute for Social Research and Data Innovation (umn.ipums),0.09,0.04,0.04,0.00,0.03
tib.luhrepo,Leibniz Universität Hannover (tib.luhrepo),0.01,0.06,0.01,0.07,0.03
tib.tib,TIB Hannover (tib.tib),0.00,0.05,0.01,0.09,0.03
ucar.eol,Earth Observing Laboratory (ucar.eol),0.05,0.03,0.04,0.04,0.02
tib.tudo,Technische Universität Dortmund (tib.tudo),0.04,0.06,0.05,0.03,0.02
epa.epa,Environmental Protection Agency (EPA) Repository (epa.epa),0.07,0.04,0.05,0.00,0.02
nihnci.tcia,The Cancer Imaging Archive (nihnci.tcia),0.01,0.14,0.06,0.01,0.02
bibsys.nmdc,Norwegian Marine Data Centre (bibsys.nmdc),0.00,0.06,0.04,0.03,0.02
gesis.ubhd,University Library Heidelberg (gesis.ubhd),0.02,0.06,0.02,0.04,0.02
tib.ubfr,FreiDok plus (tib.ubfr),0.11,0.04,0.00,0.00,0.02
rice.kinder,Kinder Institute Urban Data Platform (rice.kinder),0.06,0.06,0.02,0.05,0.02
nipr.nipr,Repository for National Institute of Polar Research (nipr.nipr),0.07,0.06,0.01,0.05,0.02
rdg.prod,Recherche Data Gouv France (rdg.prod),0.05,0.09,0.02,0.02,0.02
zbmed.wwuimi,"Universität Heidelberg, Institut für Medizinische Informatik (zbmed.wwuimi)",0.04,0.04,0.00,0.00,0.02
zbmed.ifado,Leibniz-Institut für Arbeitsforschung an der TU Dortmund (IfADo) (zbmed.ifado),0.03,0.03,0.03,0.00,0.02
labarc.pro,LabArchives Production (labarc.pro),0.01,0.07,0.00,0.00,0.02
doe.osti,DOE Office of Scientific and Technical Information (OSTI) Repository (doe.osti),0.04,0.06,0.04,0.00,0.02
crui.unisa,Università degli Studi di Salerno (crui.unisa),0.06,0.01,0.07,0.00,0.02
ethz.zora,"Universität Zürich, ZORA (ethz.zora)",0.02,0.06,0.00,0.00,0.02
nus.sb,National University of Singapore (nus.sb),0.07,0.06,0.03,0.02,0.02
tib.gidoi,Gesellschaft für Informatik (GI) (tib.gidoi),0.02,0.06,0.00,0.00,0.02
nihniaid.niaidrep1,ImmPort (nihniaid.niaidrep1),0.07,0.00,0.02,0.00,0.02
tib.esolib,ESO - European Organisation for Astronomical Research in the Southern Hemisphere (tib.esolib),0.06,0.05,0.06,0.10,0.02
tib.ubcl,"Technische Universität Clausthal, Universitätsbibliothek (tib.ubcl)",0.02,0.09,0.01,0.06,0.02
spbpu.elib,Electronic Library of Peter the Great Polytechnic University (spbpu.elib),0.02,0.00,0.06,0.00,0.02
gesis.psycharc,Psychology Archives (gesis.psycharc),0.08,0.00,0.00,0.00,0.02
wwpx.digz,DiGZ. Digitalen Zugang zu Wissen demokratisch gestalten e.V. (wwpx.digz),0.14,0.06,0.01,0.00,0.02
crui.uniurb,Università degli Studi di Urbino (crui.uniurb),0.05,0.07,0.05,0.08,0.02
delft.data4tu,4TU.ResearchData (delft.data4tu),0.04,0.03,0.02,0.02,0.02
sml.cip,International Potato Center (sml.cip),0.01,0.07,0.00,0.00,0.02
ccdc.csd,The Cambridge Structural Database (ccdc.csd),0.05,0.03,0.00,0.00,0.02
ethz.e-manus,e-manuscripta (ethz.e-manus),0.03,0.04,0.06,0.00,0.02
nu.arch,Arch (nu.arch),0.07,0.04,0.00,0.00,0.02
bl.bristol,University of Bristol (bl.bristol),0.02,0.06,0.02,0.00,0.02
ethz.da-rd,ETHZ Data Archive - Research Data (ethz.da-rd),0.03,0.02,0.06,0.00,0.02
rutgers.lib,Rutgers University Community Repository (RUcore) (rutgers.lib),0.04,0.03,0.01,0.00,0.02
bibsys.nsd,NSD – Norsk senter for forskningsdata (bibsys.nsd),0.04,0.04,0.00,0.00,0.02
tib.dbt,Thüringer Universitäts- und Landesbibliothek (tib.dbt),0.04,0.04,0.00,0.03,0.02
mtakik.andrassy,Andrássy Gyula Budapesti Német Nyelvű Egyetem (mtakik.andrassy),0.00,0.03,0.06,0.00,0.02
crui.unile,Università del Salento (crui.unile),0.06,0.01,0.00,0.00,0.02
aad.repo,Australian Antarctic Division (aad.repo),0.01,0.06,0.00,0.00,0.02
ethz.unigenf,Uni Genf (ethz.unigenf),0.02,0.03,0.06,0.01,0.02
mtakik.pe,Pannon Egyetem (mtakik.pe),0.00,0.00,0.06,0.00,0.02
ala.repo,Atlas of Living Australia (ala.repo),0.13,0.00,0.06,0.00,0.02
ethz.ecodices,e-codices (ethz.ecodices),0.00,0.00,0.06,0.00,0.02
ethz.gs,Graphische Sammlung (ethz.gs),0.00,0.00,0.06,0.00,0.02
ethz.seals,E-Periodica (ethz.seals),0.00,0.06,0.00,0.00,0.02
umich.mc,Materials Commons (umich.mc),0.00,0.06,0.00,0.00,0.02
gesis.srda,Survey Research Data Archive (gesis.srda),0.00,0.06,0.06,0.10,0.02
msu.libraries,Michigan State University Libraries (msu.libraries),0.00,0.06,0.00,0.00,0.02
cin.ucl,University of Cincinnati Libraries (cin.ucl),0.00,0.06,0.00,0.00,0.02
esdis.ornl,Oak Ridge National Laboratory Distributed Active Archive Center for Biogeochemical Dynamics (esdis.ornl),0.04,0.01,0.03,0.00,0.02
ethz.e-rara,e-rara.ch (ethz.e-rara),0.02,0.00,0.06,0.00,0.02
myesr.esr,European Society of Radiology (myesr.esr),0.01,0.05,0.01,0.00,0.02
sagebio.synapse,Synapse (sagebio.synapse),0.00,0.05,0.00,0.00,0.02
nihod.bioc,NCI BioConductor (nihod.bioc),0.00,0.05,0.00,0.00,0.02
inist.cirm,Centre International de Rencontres Mathématiques (inist.cirm),0.01,0.05,0.01,0.00,0.01
stsci.mast,Barbara A. Mikulski Archive for Space Telescopes (stsci.mast),0.06,0.05,0.00,0.00,0.01
crui.unica,Università degli Studi di Cagliari (crui.unica),0.05,0.05,0.06,0.05,0.01
vt.vttidata,VTTIDATA (vt.vttidata),0.02,0.06,0.05,0.00,0.01
cdl.uci,UC Irvine (cdl.uci),0.00,0.05,0.00,0.00,0.01
ualberta.library,University of Alberta Library (ualberta.library),0.04,0.02,0.01,0.04,0.01
carl.frdr,Federated Research Data Repository (carl.frdr),0.02,0.01,0.03,0.03,0.01
tib.oparu,"Universität Ulm, Kommunikations- und Informationszentrum (kiz) (tib.oparu)",0.05,0.00,0.00,0.01,0.01
estdoi.epank,Eesti Pank. Bank of Estonia (estdoi.epank),0.00,0.04,0.00,0.00,0.01
cbg.datasets,Barcode of Life Data Systems (cbg.datasets),0.06,0.04,0.00,0.00,0.01
sml.talkbank,TalkBank (sml.talkbank),0.07,0.04,0.00,0.00,0.01
tib.baua-doi,Bundesanstalt für Arbeitsschutz und Arbeitsmedizin (BAuA) (tib.baua-doi),0.00,0.03,0.00,0.00,0.01
tdl.griidc,GRIIDC (tdl.griidc),0.00,0.00,0.03,0.00,0.01
bl.lancs,University of Lancaster (bl.lancs),0.04,0.02,0.01,0.00,0.01
dans.archive,DANS Data Stations (dans.archive),0.01,0.05,0.07,0.00,0.01
wwpx.intr2,IntRechtDok (wwpx.intr2),0.01,0.02,0.00,0.00,0.01
cern.hepdata,HEPData (cern.hepdata),0.03,0.00,0.00,0.00,0.01
crui.uniss,Università degli Studi di Sassari (crui.uniss),0.01,0.01,0.00,0.00,0.01
inist.sbr,Station Biologique de Roscoff (inist.sbr),0.02,0.00,0.00,0.00,0.01
tib.awi,Alfred Wegener Institute (tib.awi),0.03,0.00,0.00,0.00,0.01
tib.tum,TU München - Informatik (tib.tum),0.01,0.01,0.00,0.00,0.01
cul.r2r,Rolling Deck to Repository (cul.r2r),0.04,0.03,0.01,0.00,0.01
vzek.pretest,GESIS Pretest Database (vzek.pretest),0.00,0.01,0.02,0.00,0.00
inist.ill,Institut Laue-Langevin (inist.ill),0.00,0.01,0.00,0.00,0.00
rg.rg,ResearchGate (rg.rg),0.00,0.01,0.00,0.00,0.00
esdis.eosdis,Earth Observing System Data and Information System (esdis.eosdis),0.00,0.01,0.00,0.00,0.00
rewo.axiom,Axiom Data Science (rewo.axiom),0.00,0.01,0.00,0.00,0.00
gbif.gbif,Global Biodiversity Information Facility (gbif.gbif),0.00,0.00,0.00,0.00,0.00
crui.unitelma,Università degli Studi di Roma “Unitelma Sapienza” (crui.unitelma),0.00,0.00,0.00,0.00,0.00
ethz.epics-ad,E-Pics Alte und Seltene Drucke (ethz.epics-ad),0.00,0.00,0.00,0.00,0.00
ethz.epics-ba,E-Pics Bildarchiv (ethz.epics-ba),0.00,0.00,0.00,0.00,0.00
ethz.epics-st,"E-Pics 6, Sternwarte (ethz.epics-st)",0.00,0.00,0.00,0.00,0.00
ethz.ma,ModelArchive SIB (ethz.ma),0.00,0.00,0.00,0.00,0.00
wisc.bmrb,Biological Magnetic Resonance Bank (wisc.bmrb),0.00,0.00,0.00,0.00,0.00
ethz.epics-ki,"E-Pics 5, Kunstinventar (ethz.epics-ki)",0.00,0.00,0.00,0.00,0.00
mtakik.alkpsich,Alkalmazott Pszichológia (mtakik.alkpsich),0.00,0.00,0.00,0.00,0.00
zbmed.dsmz,BacDive (zbmed.dsmz),0.00,0.00,0.00,0.00,0.00